{
    "PETIT LARCENY": {
        "crime": "PETIT LARCENY",
        "overallAverage": "1331.267857142857",
        "idealConfidence": "25.17583326117045",
        "accepatableConfidence": "13.818082806845618",
        "confidenceRates": [
            {
                "Jan": 20.528784805950234,
                "Feb": 13.935311746691239,
                "Mar": 15.0793497377255,
                "Apr": 32.53794487471584,
                "May": 30.701999298569408,
                "Jun": 42.65446618895298,
                "Jul": 82.66391814370846,
                "Aug": 81.2134660465853,
                "Sep": 50.66569448848554,
                "Oct": 81.78377900801527,
                "Nov": 84.0250480778563,
                "Dec": 151.40627977112632
            }
        ]
    },
    "HARRASSMENT 2": {
        "crime": "HARRASSMENT 2",
        "overallAverage": "1093.482142857143",
        "idealConfidence": "18.254030310043518",
        "accepatableConfidence": "11.509661491026293",
        "confidenceRates": [
            {
                "Jan": 16.41101370557456,
                "Feb": 24.14129705682114,
                "Mar": 47.75967421694608,
                "Apr": 49.476510560829794,
                "May": 108.24489209227512,
                "Jun": 157.65791261849893,
                "Jul": 134.34623707108526,
                "Aug": 75.52207653385169,
                "Sep": 132.74562737744182,
                "Oct": 63.480998373984946,
                "Nov": 45.43210385261387,
                "Dec": 15.840253333784998
            }
        ]
    },
    "CRIMINAL MISCHIEF & RELATED OF": {
        "crime": "CRIMINAL MISCHIEF & RELATED OF",
        "overallAverage": "955.577380952381",
        "idealConfidence": "26.10472671033398",
        "accepatableConfidence": "18.491211395506234",
        "confidenceRates": [
            {
                "Jan": 78.8265196445917,
                "Feb": 89.67703966110622,
                "Mar": 122.26274437377397,
                "Apr": 159.06734467587637,
                "May": 94.72890514773633,
                "Jun": 117.77844090548709,
                "Jul": 101.54437519411154,
                "Aug": 108.79512371421237,
                "Sep": 14.5461415582561,
                "Oct": 42.26138755851841,
                "Nov": 86.17208392018618,
                "Dec": 31.137491573774827
            }
        ]
    },
    "ASSAULT 3 & RELATED OFFENSES": {
        "crime": "ASSAULT 3 & RELATED OFFENSES",
        "overallAverage": "877.4345238095239",
        "idealConfidence": "25.546403583346645",
        "accepatableConfidence": "18.386980727294155",
        "confidenceRates": [
            {
                "Jan": 22.54794153784003,
                "Feb": 66.00292554102057,
                "Mar": 89.46869390600753,
                "Apr": 87.22115020403533,
                "May": 157.58735142461435,
                "Jun": 162.68701186542054,
                "Jul": 164.53420193877562,
                "Aug": 92.86971888613225,
                "Sep": 88.65279480831454,
                "Oct": 43.74374458521012,
                "Nov": 66.63253157147747,
                "Dec": 68.05129325245373
            }
        ]
    },
    "GRAND LARCENY": {
        "crime": "GRAND LARCENY",
        "overallAverage": "677.0119047619048",
        "idealConfidence": "38.06871252593609",
        "accepatableConfidence": "18.458479814399656",
        "confidenceRates": [
            {
                "Jan": 55.66575297520052,
                "Feb": 55.71342909645738,
                "Mar": 26.15494550409089,
                "Apr": 21.794074499589527,
                "May": 9.21786057484465,
                "Jun": 41.015175796938735,
                "Jul": 36.532644992663585,
                "Aug": 70.6086443861982,
                "Sep": 80.55137236902102,
                "Oct": 106.07826995963723,
                "Nov": 126.28450980995609,
                "Dec": 221.6762454645745
            }
        ]
    }
}