{
    "PETIT LARCENY": {
        "crime": "PETIT LARCENY",
        "overallAverage": "1331.267857142857",
        "idealConfidence": "25.17583326117045",
        "accepatableConfidence": "13.818082806845618",
        "confidenceRates": [
            {
                "Jan": 18.16755481141145,
                "Feb": 12.332465967432125,
                "Mar": 13.344916197921542,
                "Apr": 28.795415926944923,
                "May": 27.17064163072156,
                "Jun": 37.74833044256416,
                "Jul": 73.15587736915428,
                "Aug": 71.87225691987304,
                "Sep": 44.83810368604921,
                "Oct": 72.37697222983304,
                "Nov": 74.3604495305282,
                "Dec": 133.99146186853466
            }
        ]
    },
    "HARRASSMENT 2": {
        "crime": "HARRASSMENT 2",
        "overallAverage": "1093.482142857143",
        "idealConfidence": "18.254030310043518",
        "accepatableConfidence": "11.509661491026293",
        "confidenceRates": [
            {
                "Jan": 12.64237880191329,
                "Feb": 18.59747530758411,
                "Mar": 36.79211435314956,
                "Apr": 38.11469538255281,
                "May": 83.38747098467915,
                "Jun": 121.45325622176284,
                "Jul": 103.49488764897973,
                "Aug": 58.179142164978906,
                "Sep": 102.26184291304237,
                "Oct": 48.903184322790835,
                "Nov": 34.99904862534509,
                "Dec": 12.20268817982616
            }
        ]
    },
    "CRIMINAL MISCHIEF & RELATED OF": {
        "crime": "CRIMINAL MISCHIEF & RELATED OF",
        "overallAverage": "955.577380952381",
        "idealConfidence": "26.10472671033398",
        "accepatableConfidence": "18.491211395506234",
        "confidenceRates": [
            {
                "Jan": 54.053436964722785,
                "Feb": 61.49392656633835,
                "Mar": 83.83880927305702,
                "Apr": 109.07670067573807,
                "May": 64.95812483193505,
                "Jun": 80.76380334933216,
                "Jul": 69.63167355890812,
                "Aug": 74.60370428975135,
                "Sep": 9.974675392801977,
                "Oct": 28.97975527443987,
                "Nov": 59.09048537598557,
                "Dec": 21.351804514663755
            }
        ]
    },
    "ASSAULT 3 & RELATED OFFENSES": {
        "crime": "ASSAULT 3 & RELATED OFFENSES",
        "overallAverage": "877.4345238095239",
        "idealConfidence": "25.546403583346645",
        "accepatableConfidence": "18.386980727294155",
        "confidenceRates": [
            {
                "Jan": 15.216803147567454,
                "Feb": 44.54302506664534,
                "Mar": 60.379236869713026,
                "Apr": 58.862449626803475,
                "May": 106.35009413833185,
                "Jun": 109.79167344688892,
                "Jul": 111.03827627647377,
                "Aug": 62.674467568961816,
                "Sep": 59.82861561069314,
                "Oct": 29.521096157426744,
                "Nov": 44.96792376570866,
                "Dec": 45.92539552323016
            }
        ]
    },
    "GRAND LARCENY": {
        "crime": "GRAND LARCENY",
        "overallAverage": "677.0119047619048",
        "idealConfidence": "38.06871252593609",
        "accepatableConfidence": "18.458479814399656",
        "confidenceRates": [
            {
                "Jan": 55.76446251827703,
                "Feb": 55.81222318142713,
                "Mar": 26.20132487707898,
                "Apr": 21.832720938749134,
                "May": 9.234206186946427,
                "Jun": 41.08790613912816,
                "Jul": 36.5974266672456,
                "Aug": 70.73385147767,
                "Sep": 80.69421044693716,
                "Oct": 106.26637372179647,
                "Nov": 126.50844437644862,
                "Dec": 222.06933384892585
            }
        ]
    }
}