{
    "QUEENS": [
        {
            "crime": "PETIT LARCENY",
            "overallAverage": "1331.267857142857",
            "idealConfidence": "25.17583326117045",
            "accepatableConfidence": "13.818082806845618",
            "confidenceRates": [
                {
                    "Jan": 4.953493867092533,
                    "Feb": 3.3625215484381616,
                    "Mar": 3.6385722365756545,
                    "Apr": 7.85124457722325,
                    "May": 7.408240023484588,
                    "Jun": 10.29231095110134,
                    "Jul": 19.946393097559934,
                    "Aug": 19.59640620668812,
                    "Sep": 12.225380571379617,
                    "Oct": 19.73401989320053,
                    "Nov": 20.2748269939084,
                    "Dec": 36.53358371549528
                }
            ]
        },
        {
            "crime": "HARRASSMENT 2",
            "overallAverage": "1093.482142857143",
            "idealConfidence": "18.254030310043518",
            "accepatableConfidence": "11.509661491026293",
            "confidenceRates": [
                {
                    "Jan": 2.60214704045436,
                    "Feb": 3.8278686384740506,
                    "Mar": 7.572822565767249,
                    "Apr": 7.84504588428559,
                    "May": 17.163420289298564,
                    "Jun": 24.998399129060747,
                    "Jul": 21.302076121717853,
                    "Aug": 11.974857340761055,
                    "Sep": 21.04828181918662,
                    "Oct": 10.065611729264573,
                    "Nov": 7.20376063920637,
                    "Dec": 2.5116466948385163
                }
            ]
        },
        {
            "crime": "CRIMINAL MISCHIEF & RELATED OF",
            "overallAverage": "955.577380952381",
            "idealConfidence": "26.10472671033398",
            "accepatableConfidence": "18.491211395506234",
            "confidenceRates": [
                {
                    "Jan": 16.70922257986617,
                    "Feb": 19.0092575792634,
                    "Mar": 25.91660037989302,
                    "Apr": 33.71824202516173,
                    "May": 20.08012491224019,
                    "Jun": 24.966041797513537,
                    "Jul": 21.524831674694692,
                    "Aug": 23.0618064319116,
                    "Sep": 3.0834130197681326,
                    "Oct": 8.958342121828291,
                    "Nov": 18.266295872065527,
                    "Dec": 6.600358351868548
                }
            ]
        },
        {
            "crime": "ASSAULT 3 & RELATED OFFENSES",
            "overallAverage": "877.4345238095239",
            "idealConfidence": "25.546403583346645",
            "accepatableConfidence": "18.386980727294155",
            "confidenceRates": [
                {
                    "Jan": 4.482041142890914,
                    "Feb": 13.119948325640305,
                    "Mar": 17.784433510902797,
                    "Apr": 17.33767062898831,
                    "May": 31.324943409977976,
                    "Jun": 32.338645165063156,
                    "Jul": 32.70582643939913,
                    "Aug": 18.460483422746723,
                    "Sep": 17.622250487757622,
                    "Oct": 8.695306515940391,
                    "Nov": 13.245100332424794,
                    "Dec": 13.527119345797749
                }
            ]
        },
        {
            "crime": "GRAND LARCENY",
            "overallAverage": "677.0119047619048",
            "idealConfidence": "38.06871252593609",
            "accepatableConfidence": "18.458479814399656",
            "confidenceRates": [
                {
                    "Jan": 14.483924115235723,
                    "Feb": 14.496329180926667,
                    "Mar": 6.805373603553839,
                    "Apr": 5.670698846999861,
                    "May": 2.3984368473440583,
                    "Jun": 10.671924155603746,
                    "Jul": 9.505594185321081,
                    "Aug": 18.37198263760081,
                    "Sep": 20.959026015345003,
                    "Oct": 27.600984990814098,
                    "Nov": 32.85853795657844,
                    "Dec": 57.678945237472526
                }
            ]
        },
        {
            "crime": "OFF. AGNST PUB ORD SENSBLTY &",
            "overallAverage": "444.60714285714283",
            "idealConfidence": "32.12221043109272",
            "accepatableConfidence": "18.552232715690227",
            "confidenceRates": [
                {
                    "Jan": 33.20786826054975,
                    "Feb": 45.692188146495205,
                    "Mar": 36.320008532082426,
                    "Apr": 31.56901256427121,
                    "May": 16.17151454952304,
                    "Jun": 14.837393337745475,
                    "Jul": 2.393353768253988,
                    "Aug": 5.822096968763375,
                    "Sep": 11.556102315781313,
                    "Oct": 9.228884589704483,
                    "Nov": 4.6846876428855255,
                    "Dec": 11.143681912226967
                }
            ]
        }
    ]
}